20/09/2020 19:59:30,【! 报警】,产品换型Station[%1$d]-SN:JDP71ALWB55009902202009191826250数据存储异常！,Ture,0,Product Romete Exchange.vi:\
20/09/2020 20:00:01,【! 报警】,产品换型Station[%1$d]-SN:JDP71ALWB55009902202009191826250数据存储异常！,Ture,0,Product Romete Exchange.vi:\
20/09/2020 20:00:32,【! 报警】,产品换型Station[%1$d]-SN:JDP71ALWB55009902202009191826250数据存储异常！,Ture,0,Product Romete Exchange.vi:\
20/09/2020 20:01:03,【! 报警】,产品换型Station[%1$d]-SN:JDP71ALWB55009902202009191826250数据存储异常！,Ture,0,Product Romete Exchange.vi:\
20/09/2020 20:01:34,【! 报警】,产品换型Station[%1$d]-SN:JDP71ALWB55009902202009191826250数据存储异常！,Ture,0,Product Romete Exchange.vi:\
20/09/2020 20:02:05,【! 报警】,产品换型Station[%1$d]-SN:JDP71ALWB55009902202009191826250数据存储异常！,Ture,0,Product Romete Exchange.vi:\
20/09/2020 20:02:36,【! 报警】,产品换型Station[%1$d]-SN:JDP71ALWB55009902202009191826250数据存储异常！,Ture,0,Product Romete Exchange.vi:\
20/09/2020 20:03:07,【! 报警】,产品换型Station[%1$d]-SN:JDP71ALWB55009902202009191826250数据存储异常！,Ture,0,Product Romete Exchange.vi:\
20/09/2020 20:03:38,【! 报警】,产品换型Station[%1$d]-SN:JDP71ALWB55009902202009191826250数据存储异常！,Ture,0,Product Romete Exchange.vi:\
20/09/2020 20:04:09,【! 报警】,产品换型Station[%1$d]-SN:JDP71ALWB55009902202009191826250数据存储异常！,Ture,0,Product Romete Exchange.vi:\
20/09/2020 20:04:40,【! 报警】,产品换型Station[%1$d]-SN:JDP71ALWB55009902202009191826250数据存储异常！,Ture,0,Product Romete Exchange.vi:\
20/09/2020 20:05:11,【! 报警】,产品换型Station[%1$d]-SN:JDP71ALWB55009902202009191826250数据存储异常！,Ture,0,Product Romete Exchange.vi:\
20/09/2020 20:05:41,【! 报警】,产品换型Station[%1$d]-SN:JDP71ALWB55009902202009191826250数据存储异常！,Ture,0,Product Romete Exchange.vi:\
20/09/2020 20:06:12,【! 报警】,产品换型Station[%1$d]-SN:JDP71ALWB55009902202009191826250数据存储异常！,Ture,0,Product Romete Exchange.vi:\
20/09/2020 20:06:43,【! 报警】,产品换型Station[%1$d]-SN:JDP71ALWB55009902202009191826250数据存储异常！,Ture,0,Product Romete Exchange.vi:\
20/09/2020 20:07:14,【! 报警】,产品换型Station[%1$d]-SN:JDP71ALWB55009902202009191826250数据存储异常！,Ture,0,Product Romete Exchange.vi:\
20/09/2020 20:07:45,【! 报警】,产品换型Station[%1$d]-SN:JDP71ALWB55009902202009191826250数据存储异常！,Ture,0,Product Romete Exchange.vi:\
20/09/2020 20:08:16,【! 报警】,产品换型Station[%1$d]-SN:JDP71ALWB55009902202009191826250数据存储异常！,Ture,0,Product Romete Exchange.vi:\
20/09/2020 20:08:47,【! 报警】,产品换型Station[%1$d]-SN:JDP71ALWB55009902202009191826250数据存储异常！,Ture,0,Product Romete Exchange.vi:\
20/09/2020 20:09:18,【! 报警】,产品换型Station[%1$d]-SN:JDP71ALWB55009902202009191826250数据存储异常！,Ture,0,Product Romete Exchange.vi:\
20/09/2020 20:09:49,【! 报警】,产品换型Station[%1$d]-SN:JDP71ALWB55009902202009191826250数据存储异常！,Ture,0,Product Romete Exchange.vi:\
20/09/2020 20:10:19,【! 报警】,产品换型Station[%1$d]-SN:JDP71ALWB55009902202009191826250数据存储异常！,Ture,0,Product Romete Exchange.vi:\
20/09/2020 20:10:50,【! 报警】,产品换型Station[%1$d]-SN:JDP71ALWB55009902202009191826250数据存储异常！,Ture,0,Product Romete Exchange.vi:\
20/09/2020 20:11:21,【! 报警】,产品换型Station[%1$d]-SN:JDP71ALWB55009902202009191826250数据存储异常！,Ture,0,Product Romete Exchange.vi:\
20/09/2020 20:11:52,【! 报警】,产品换型Station[%1$d]-SN:JDP71ALWB55009902202009191826250数据存储异常！,Ture,0,Product Romete Exchange.vi:\
20/09/2020 20:12:23,【! 报警】,产品换型Station[%1$d]-SN:JDP71ALWB55009902202009191826250数据存储异常！,Ture,0,Product Romete Exchange.vi:\
20/09/2020 20:12:54,【! 报警】,产品换型Station[%1$d]-SN:JDP71ALWB55009902202009191826250数据存储异常！,Ture,0,Product Romete Exchange.vi:\
20/09/2020 20:13:25,【! 报警】,产品换型Station[%1$d]-SN:JDP71ALWB55009902202009191826250数据存储异常！,Ture,0,Product Romete Exchange.vi:\
20/09/2020 20:13:56,【! 报警】,产品换型Station[%1$d]-SN:JDP71ALWB55009902202009191826250数据存储异常！,Ture,0,Product Romete Exchange.vi:\
20/09/2020 20:14:26,【! 报警】,产品换型Station[%1$d]-SN:JDP71ALWB55009902202009191826250数据存储异常！,Ture,0,Product Romete Exchange.vi:\
20/09/2020 20:14:56,【! 报警】,产品换型Station[%1$d]-SN:JDP71ALWB55009902202009191826250数据存储异常！,Ture,0,Product Romete Exchange.vi:\
20/09/2020 20:15:27,【! 报警】,产品换型Station[%1$d]-SN:JDP71ALWB55009902202009191826250数据存储异常！,Ture,0,Product Romete Exchange.vi:\
20/09/2020 20:15:58,【! 报警】,产品换型Station[%1$d]-SN:JDP71ALWB55009902202009191826250数据存储异常！,Ture,0,Product Romete Exchange.vi:\
20/09/2020 20:16:29,【! 报警】,产品换型Station[%1$d]-SN:JDP71ALWB55009902202009191826250数据存储异常！,Ture,0,Product Romete Exchange.vi:\
20/09/2020 20:17:00,【! 报警】,产品换型Station[%1$d]-SN:JDP71ALWB55009902202009191826250数据存储异常！,Ture,0,Product Romete Exchange.vi:\
20/09/2020 20:17:31,【! 报警】,产品换型Station[%1$d]-SN:JDP71ALWB55009902202009191826250数据存储异常！,Ture,0,Product Romete Exchange.vi:\
20/09/2020 20:18:02,【! 报警】,产品换型Station[%1$d]-SN:JDP71ALWB55009902202009191826250数据存储异常！,Ture,0,Product Romete Exchange.vi:\
20/09/2020 20:18:33,【! 报警】,产品换型Station[%1$d]-SN:JDP71ALWB55009902202009191826250数据存储异常！,Ture,0,Product Romete Exchange.vi:\
20/09/2020 20:19:03,【! 报警】,产品换型Station[%1$d]-SN:JDP71ALWB55009902202009191826250数据存储异常！,Ture,0,Product Romete Exchange.vi:\
20/09/2020 20:19:34,【! 报警】,产品换型Station[%1$d]-SN:JDP71ALWB55009902202009191826250数据存储异常！,Ture,0,Product Romete Exchange.vi:\
20/09/2020 20:20:05,【! 报警】,产品换型Station[%1$d]-SN:JDP71ALWB55009902202009191826250数据存储异常！,Ture,0,Product Romete Exchange.vi:\
20/09/2020 20:20:36,【! 报警】,产品换型Station[%1$d]-SN:JDP71ALWB55009902202009191826250数据存储异常！,Ture,0,Product Romete Exchange.vi:\
20/09/2020 20:21:07,【! 报警】,产品换型Station[%1$d]-SN:JDP71ALWB55009902202009191826250数据存储异常！,Ture,0,Product Romete Exchange.vi:\
20/09/2020 20:21:38,【! 报警】,产品换型Station[%1$d]-SN:JDP71ALWB55009902202009191826250数据存储异常！,Ture,0,Product Romete Exchange.vi:\
20/09/2020 20:22:09,【! 报警】,产品换型Station[%1$d]-SN:JDP71ALWB55009902202009191826250数据存储异常！,Ture,0,Product Romete Exchange.vi:\
20/09/2020 20:22:40,【! 报警】,产品换型Station[%1$d]-SN:JDP71ALWB55009902202009191826250数据存储异常！,Ture,0,Product Romete Exchange.vi:\
20/09/2020 20:23:11,【! 报警】,产品换型Station[%1$d]-SN:JDP71ALWB55009902202009191826250数据存储异常！,Ture,0,Product Romete Exchange.vi:\
20/09/2020 20:23:42,【! 报警】,产品换型Station[%1$d]-SN:JDP71ALWB55009902202009191826250数据存储异常！,Ture,0,Product Romete Exchange.vi:\
20/09/2020 20:24:12,【! 报警】,产品换型Station[%1$d]-SN:JDP71ALWB55009902202009191826250数据存储异常！,Ture,0,Product Romete Exchange.vi:\
20/09/2020 20:24:44,【! 报警】,产品换型Station[%1$d]-SN:JDP71ALWB55009902202009191826250数据存储异常！,Ture,0,Product Romete Exchange.vi:\
20/09/2020 20:25:14,【! 报警】,产品换型Station[%1$d]-SN:JDP71ALWB55009902202009191826250数据存储异常！,Ture,0,Product Romete Exchange.vi:\
20/09/2020 20:25:45,【! 报警】,产品换型Station[%1$d]-SN:JDP71ALWB55009902202009191826250数据存储异常！,Ture,0,Product Romete Exchange.vi:\
20/09/2020 20:26:17,【! 报警】,产品换型Station[%1$d]-SN:JDP71ALWB55009902202009191826250数据存储异常！,Ture,0,Product Romete Exchange.vi:\
20/09/2020 20:26:47,【! 报警】,产品换型Station[%1$d]-SN:JDP71ALWB55009902202009191826250数据存储异常！,Ture,0,Product Romete Exchange.vi:\
20/09/2020 20:27:18,【! 报警】,产品换型Station[%1$d]-SN:JDP71ALWB55009902202009191826250数据存储异常！,Ture,0,Product Romete Exchange.vi:\
20/09/2020 20:27:49,【! 报警】,产品换型Station[%1$d]-SN:JDP71ALWB55009902202009191826250数据存储异常！,Ture,0,Product Romete Exchange.vi:\
20/09/2020 20:28:19,【! 报警】,产品换型Station[%1$d]-SN:JDP71ALWB55009902202009191826250数据存储异常！,Ture,0,Product Romete Exchange.vi:\
20/09/2020 20:28:50,【! 报警】,产品换型Station[%1$d]-SN:JDP71ALWB55009902202009191826250数据存储异常！,Ture,0,Product Romete Exchange.vi:\
20/09/2020 20:29:21,【! 报警】,产品换型Station[%1$d]-SN:JDP71ALWB55009902202009191826250数据存储异常！,Ture,0,Product Romete Exchange.vi:\
20/09/2020 20:29:52,【! 报警】,产品换型Station[%1$d]-SN:JDP71ALWB55009902202009191826250数据存储异常！,Ture,0,Product Romete Exchange.vi:\
20/09/2020 20:30:22,【! 报警】,产品换型Station[%1$d]-SN:JDP71ALWB55009902202009191826250数据存储异常！,Ture,0,Product Romete Exchange.vi:\
20/09/2020 20:30:53,【! 报警】,产品换型Station[%1$d]-SN:JDP71ALWB55009902202009191826250数据存储异常！,Ture,0,Product Romete Exchange.vi:\
20/09/2020 20:31:24,【! 报警】,产品换型Station[%1$d]-SN:JDP71ALWB55009902202009191826250数据存储异常！,Ture,0,Product Romete Exchange.vi:\
20/09/2020 20:31:53,【! 报警】,产品换型Station[%1$d]-SN:JDP71ALWB55009902202009191826250数据存储异常！,Ture,0,Product Romete Exchange.vi:\
20/09/2020 20:32:24,【! 报警】,产品换型Station[%1$d]-SN:JDP71ALWB55009902202009191826250数据存储异常！,Ture,0,Product Romete Exchange.vi:\
20/09/2020 20:32:55,【! 报警】,产品换型Station[%1$d]-SN:JDP71ALWB55009902202009191826250数据存储异常！,Ture,0,Product Romete Exchange.vi:\
20/09/2020 20:33:26,【! 报警】,产品换型Station[%1$d]-SN:JDP71ALWB55009902202009191826250数据存储异常！,Ture,0,Product Romete Exchange.vi:\
20/09/2020 20:33:57,【! 报警】,产品换型Station[%1$d]-SN:JDP71ALWB55009902202009191826250数据存储异常！,Ture,0,Product Romete Exchange.vi:\
20/09/2020 20:34:27,【! 报警】,产品换型Station[%1$d]-SN:JDP71ALWB55009902202009191826250数据存储异常！,Ture,0,Product Romete Exchange.vi:\
20/09/2020 20:34:58,【! 报警】,产品换型Station[%1$d]-SN:JDP71ALWB55009902202009191826250数据存储异常！,Ture,0,Product Romete Exchange.vi:\
20/09/2020 20:35:29,【! 报警】,产品换型Station[%1$d]-SN:JDP71ALWB55009902202009191826250数据存储异常！,Ture,0,Product Romete Exchange.vi:\
20/09/2020 20:36:00,【! 报警】,产品换型Station[%1$d]-SN:JDP71ALWB55009902202009191826250数据存储异常！,Ture,0,Product Romete Exchange.vi:\
20/09/2020 20:36:30,【! 报警】,产品换型Station[%1$d]-SN:JDP71ALWB55009902202009191826250数据存储异常！,Ture,0,Product Romete Exchange.vi:\
20/09/2020 20:37:01,【! 报警】,产品换型Station[%1$d]-SN:JDP71ALWB55009902202009191826250数据存储异常！,Ture,0,Product Romete Exchange.vi:\
20/09/2020 20:37:32,【! 报警】,产品换型Station[%1$d]-SN:JDP71ALWB55009902202009191826250数据存储异常！,Ture,0,Product Romete Exchange.vi:\
20/09/2020 20:38:03,【! 报警】,产品换型Station[%1$d]-SN:JDP71ALWB55009902202009191826250数据存储异常！,Ture,0,Product Romete Exchange.vi:\
20/09/2020 20:38:33,【! 报警】,产品换型Station[%1$d]-SN:JDP71ALWB55009902202009191826250数据存储异常！,Ture,0,Product Romete Exchange.vi:\
20/09/2020 20:39:04,【! 报警】,产品换型Station[%1$d]-SN:JDP71ALWB55009902202009191826250数据存储异常！,Ture,0,Product Romete Exchange.vi:\
20/09/2020 20:39:35,【! 报警】,产品换型Station[%1$d]-SN:JDP71ALWB55009902202009191826250数据存储异常！,Ture,0,Product Romete Exchange.vi:\
20/09/2020 20:40:06,【! 报警】,产品换型Station[%1$d]-SN:JDP71ALWB55009902202009191826250数据存储异常！,Ture,0,Product Romete Exchange.vi:\
20/09/2020 20:40:37,【! 报警】,产品换型Station[%1$d]-SN:JDP71ALWB55009902202009191826250数据存储异常！,Ture,0,Product Romete Exchange.vi:\
20/09/2020 20:41:08,【! 报警】,产品换型Station[%1$d]-SN:JDP71ALWB55009902202009191826250数据存储异常！,Ture,0,Product Romete Exchange.vi:\
20/09/2020 20:41:39,【! 报警】,产品换型Station[%1$d]-SN:JDP71ALWB55009902202009191826250数据存储异常！,Ture,0,Product Romete Exchange.vi:\
20/09/2020 20:42:10,【! 报警】,产品换型Station[%1$d]-SN:JDP71ALWB55009902202009191826250数据存储异常！,Ture,0,Product Romete Exchange.vi:\
20/09/2020 20:42:41,【! 报警】,产品换型Station[%1$d]-SN:JDP71ALWB55009902202009191826250数据存储异常！,Ture,0,Product Romete Exchange.vi:\
20/09/2020 20:43:12,【! 报警】,产品换型Station[%1$d]-SN:JDP71ALWB55009902202009191826250数据存储异常！,Ture,0,Product Romete Exchange.vi:\
20/09/2020 20:43:43,【! 报警】,产品换型Station[%1$d]-SN:JDP71ALWB55009902202009191826250数据存储异常！,Ture,0,Product Romete Exchange.vi:\
20/09/2020 20:44:14,【! 报警】,产品换型Station[%1$d]-SN:JDP71ALWB55009902202009191826250数据存储异常！,Ture,0,Product Romete Exchange.vi:\
20/09/2020 20:44:45,【! 报警】,产品换型Station[%1$d]-SN:JDP71ALWB55009902202009191826250数据存储异常！,Ture,0,Product Romete Exchange.vi:\
20/09/2020 20:45:15,【! 报警】,产品换型Station[%1$d]-SN:JDP71ALWB55009902202009191826250数据存储异常！,Ture,0,Product Romete Exchange.vi:\
20/09/2020 20:45:46,【! 报警】,产品换型Station[%1$d]-SN:JDP71ALWB55009902202009191826250数据存储异常！,Ture,0,Product Romete Exchange.vi:\
20/09/2020 20:46:17,【! 报警】,产品换型Station[%1$d]-SN:JDP71ALWB55009902202009191826250数据存储异常！,Ture,0,Product Romete Exchange.vi:\
20/09/2020 20:46:48,【! 报警】,产品换型Station[%1$d]-SN:JDP71ALWB55009902202009191826250数据存储异常！,Ture,0,Product Romete Exchange.vi:\
20/09/2020 20:47:19,【! 报警】,产品换型Station[%1$d]-SN:JDP71ALWB55009902202009191826250数据存储异常！,Ture,0,Product Romete Exchange.vi:\
20/09/2020 20:47:50,【! 报警】,产品换型Station[%1$d]-SN:JDP71ALWB55009902202009191826250数据存储异常！,Ture,0,Product Romete Exchange.vi:\
20/09/2020 20:48:21,【! 报警】,产品换型Station[%1$d]-SN:JDP71ALWB55009902202009191826250数据存储异常！,Ture,0,Product Romete Exchange.vi:\
20/09/2020 20:48:52,【! 报警】,产品换型Station[%1$d]-SN:JDP71ALWB55009902202009191826250数据存储异常！,Ture,0,Product Romete Exchange.vi:\
20/09/2020 20:49:23,【! 报警】,产品换型Station[%1$d]-SN:JDP71ALWB55009902202009191826250数据存储异常！,Ture,0,Product Romete Exchange.vi:\
20/09/2020 20:49:54,【! 报警】,产品换型Station[%1$d]-SN:JDP71ALWB55009902202009191826250数据存储异常！,Ture,0,Product Romete Exchange.vi:\
20/09/2020 20:50:25,【! 报警】,产品换型Station[%1$d]-SN:JDP71ALWB55009902202009191826250数据存储异常！,Ture,0,Product Romete Exchange.vi:\
20/09/2020 20:50:56,【! 报警】,产品换型Station[%1$d]-SN:JDP71ALWB55009902202009191826250数据存储异常！,Ture,0,Product Romete Exchange.vi:\
20/09/2020 20:51:27,【! 报警】,产品换型Station[%1$d]-SN:JDP71ALWB55009902202009191826250数据存储异常！,Ture,0,Product Romete Exchange.vi:\
20/09/2020 20:51:56,【! 报警】,产品换型Station[%1$d]-SN:JDP71ALWB55009902202009191826250数据存储异常！,Ture,0,Product Romete Exchange.vi:\
20/09/2020 20:52:27,【! 报警】,产品换型Station[%1$d]-SN:JDP71ALWB55009902202009191826250数据存储异常！,Ture,0,Product Romete Exchange.vi:\
20/09/2020 20:52:58,【! 报警】,产品换型Station[%1$d]-SN:JDP71ALWB55009902202009191826250数据存储异常！,Ture,0,Product Romete Exchange.vi:\
20/09/2020 20:53:30,【! 报警】,产品换型Station[%1$d]-SN:JDP71ALWB55009902202009191826250数据存储异常！,Ture,0,Product Romete Exchange.vi:\
20/09/2020 20:54:00,【! 报警】,产品换型Station[%1$d]-SN:JDP71ALWB55009902202009191826250数据存储异常！,Ture,0,Product Romete Exchange.vi:\
20/09/2020 20:54:31,【! 报警】,产品换型Station[%1$d]-SN:JDP71ALWB55009902202009191826250数据存储异常！,Ture,0,Product Romete Exchange.vi:\
20/09/2020 20:55:02,【! 报警】,产品换型Station[%1$d]-SN:JDP71ALWB55009902202009191826250数据存储异常！,Ture,0,Product Romete Exchange.vi:\
20/09/2020 20:55:33,【! 报警】,产品换型Station[%1$d]-SN:JDP71ALWB55009902202009191826250数据存储异常！,Ture,0,Product Romete Exchange.vi:\
20/09/2020 20:56:04,【! 报警】,产品换型Station[%1$d]-SN:JDP71ALWB55009902202009191826250数据存储异常！,Ture,0,Product Romete Exchange.vi:\
20/09/2020 20:56:35,【! 报警】,产品换型Station[%1$d]-SN:JDP71ALWB55009902202009191826250数据存储异常！,Ture,0,Product Romete Exchange.vi:\
20/09/2020 20:57:06,【! 报警】,产品换型Station[%1$d]-SN:JDP71ALWB55009902202009191826250数据存储异常！,Ture,0,Product Romete Exchange.vi:\
20/09/2020 20:57:37,【! 报警】,产品换型Station[%1$d]-SN:JDP71ALWB55009902202009191826250数据存储异常！,Ture,0,Product Romete Exchange.vi:\
20/09/2020 20:58:08,【! 报警】,产品换型Station[%1$d]-SN:JDP71ALWB55009902202009191826250数据存储异常！,Ture,0,Product Romete Exchange.vi:\
20/09/2020 20:58:38,【! 报警】,产品换型Station[%1$d]-SN:JDP71ALWB55009902202009191826250数据存储异常！,Ture,0,Product Romete Exchange.vi:\
20/09/2020 20:59:09,【! 报警】,产品换型Station[%1$d]-SN:JDP71ALWB55009902202009191826250数据存储异常！,Ture,0,Product Romete Exchange.vi:\
20/09/2020 20:59:40,【! 报警】,产品换型Station[%1$d]-SN:JDP71ALWB55009902202009191826250数据存储异常！,Ture,0,Product Romete Exchange.vi:\
20/09/2020 21:00:11,【! 报警】,产品换型Station[%1$d]-SN:JDP71ALWB55009902202009191826250数据存储异常！,Ture,0,Product Romete Exchange.vi:\
20/09/2020 21:00:42,【! 报警】,产品换型Station[%1$d]-SN:JDP71ALWB55009902202009191826250数据存储异常！,Ture,0,Product Romete Exchange.vi:\
20/09/2020 21:01:13,【! 报警】,产品换型Station[%1$d]-SN:JDP71ALWB55009902202009191826250数据存储异常！,Ture,0,Product Romete Exchange.vi:\
20/09/2020 21:01:44,【! 报警】,产品换型Station[%1$d]-SN:JDP71ALWB55009902202009191826250数据存储异常！,Ture,0,Product Romete Exchange.vi:\
20/09/2020 21:02:15,【! 报警】,产品换型Station[%1$d]-SN:JDP71ALWB55009902202009191826250数据存储异常！,Ture,0,Product Romete Exchange.vi:\
20/09/2020 21:02:45,【! 报警】,产品换型Station[%1$d]-SN:JDP71ALWB55009902202009191826250数据存储异常！,Ture,0,Product Romete Exchange.vi:\
20/09/2020 21:03:16,【! 报警】,产品换型Station[%1$d]-SN:JDP71ALWB55009902202009191826250数据存储异常！,Ture,0,Product Romete Exchange.vi:\
20/09/2020 21:03:47,【! 报警】,产品换型Station[%1$d]-SN:JDP71ALWB55009902202009191826250数据存储异常！,Ture,0,Product Romete Exchange.vi:\
20/09/2020 21:04:18,【! 报警】,产品换型Station[%1$d]-SN:JDP71ALWB55009902202009191826250数据存储异常！,Ture,0,Product Romete Exchange.vi:\
20/09/2020 21:04:48,【! 报警】,产品换型Station[%1$d]-SN:JDP71ALWB55009902202009191826250数据存储异常！,Ture,0,Product Romete Exchange.vi:\
20/09/2020 21:05:19,【! 报警】,产品换型Station[%1$d]-SN:JDP71ALWB55009902202009191826250数据存储异常！,Ture,0,Product Romete Exchange.vi:\
20/09/2020 21:05:50,【! 报警】,产品换型Station[%1$d]-SN:JDP71ALWB55009902202009191826250数据存储异常！,Ture,0,Product Romete Exchange.vi:\
20/09/2020 21:06:21,【! 报警】,产品换型Station[%1$d]-SN:JDP71ALWB55009902202009191826250数据存储异常！,Ture,0,Product Romete Exchange.vi:\
20/09/2020 21:06:52,【! 报警】,产品换型Station[%1$d]-SN:JDP71ALWB55009902202009191826250数据存储异常！,Ture,0,Product Romete Exchange.vi:\
20/09/2020 21:07:23,【! 报警】,产品换型Station[%1$d]-SN:JDP71ALWB55009902202009191826250数据存储异常！,Ture,0,Product Romete Exchange.vi:\
20/09/2020 21:07:54,【! 报警】,产品换型Station[%1$d]-SN:JDP71ALWB55009902202009191826250数据存储异常！,Ture,0,Product Romete Exchange.vi:\
20/09/2020 21:08:25,【! 报警】,产品换型Station[%1$d]-SN:JDP71ALWB55009902202009191826250数据存储异常！,Ture,0,Product Romete Exchange.vi:\
20/09/2020 21:08:56,【! 报警】,产品换型Station[%1$d]-SN:JDP71ALWB55009902202009191826250数据存储异常！,Ture,0,Product Romete Exchange.vi:\
20/09/2020 21:09:27,【! 报警】,产品换型Station[%1$d]-SN:JDP71ALWB55009902202009191826250数据存储异常！,Ture,0,Product Romete Exchange.vi:\
20/09/2020 21:09:57,【! 报警】,产品换型Station[%1$d]-SN:JDP71ALWB55009902202009191826250数据存储异常！,Ture,0,Product Romete Exchange.vi:\
20/09/2020 21:10:28,【! 报警】,产品换型Station[%1$d]-SN:JDP71ALWB55009902202009191826250数据存储异常！,Ture,0,Product Romete Exchange.vi:\
20/09/2020 21:10:59,【! 报警】,产品换型Station[%1$d]-SN:JDP71ALWB55009902202009191826250数据存储异常！,Ture,0,Product Romete Exchange.vi:\
20/09/2020 21:11:29,【! 报警】,产品换型Station[%1$d]-SN:JDP71ALWB55009902202009191826250数据存储异常！,Ture,0,Product Romete Exchange.vi:\
20/09/2020 21:12:00,【! 报警】,产品换型Station[%1$d]-SN:JDP71ALWB55009902202009191826250数据存储异常！,Ture,0,Product Romete Exchange.vi:\
20/09/2020 21:12:31,【! 报警】,产品换型Station[%1$d]-SN:JDP71ALWB55009902202009191826250数据存储异常！,Ture,0,Product Romete Exchange.vi:\
20/09/2020 21:13:02,【! 报警】,产品换型Station[%1$d]-SN:JDP71ALWB55009902202009191826250数据存储异常！,Ture,0,Product Romete Exchange.vi:\
20/09/2020 21:13:33,【! 报警】,产品换型Station[%1$d]-SN:JDP71ALWB55009902202009191826250数据存储异常！,Ture,0,Product Romete Exchange.vi:\
20/09/2020 21:14:04,【! 报警】,产品换型Station[%1$d]-SN:JDP71ALWB55009902202009191826250数据存储异常！,Ture,0,Product Romete Exchange.vi:\
20/09/2020 21:14:35,【! 报警】,产品换型Station[%1$d]-SN:JDP71ALWB55009902202009191826250数据存储异常！,Ture,0,Product Romete Exchange.vi:\
20/09/2020 21:15:06,【! 报警】,产品换型Station[%1$d]-SN:JDP71ALWB55009902202009191826250数据存储异常！,Ture,0,Product Romete Exchange.vi:\
20/09/2020 21:15:37,【! 报警】,产品换型Station[%1$d]-SN:JDP71ALWB55009902202009191826250数据存储异常！,Ture,0,Product Romete Exchange.vi:\
20/09/2020 21:16:08,【! 报警】,产品换型Station[%1$d]-SN:JDP71ALWB55009902202009191826250数据存储异常！,Ture,0,Product Romete Exchange.vi:\
20/09/2020 21:16:38,【! 报警】,产品换型Station[%1$d]-SN:JDP71ALWB55009902202009191826250数据存储异常！,Ture,0,Product Romete Exchange.vi:\
20/09/2020 21:17:09,【! 报警】,产品换型Station[%1$d]-SN:JDP71ALWB55009902202009191826250数据存储异常！,Ture,0,Product Romete Exchange.vi:\
20/09/2020 21:17:40,【! 报警】,产品换型Station[%1$d]-SN:JDP71ALWB55009902202009191826250数据存储异常！,Ture,0,Product Romete Exchange.vi:\
20/09/2020 21:18:11,【! 报警】,产品换型Station[%1$d]-SN:JDP71ALWB55009902202009191826250数据存储异常！,Ture,0,Product Romete Exchange.vi:\
20/09/2020 21:18:41,【! 报警】,产品换型Station[%1$d]-SN:JDP71ALWB55009902202009191826250数据存储异常！,Ture,0,Product Romete Exchange.vi:\
20/09/2020 21:19:12,【! 报警】,产品换型Station[%1$d]-SN:JDP71ALWB55009902202009191826250数据存储异常！,Ture,0,Product Romete Exchange.vi:\
20/09/2020 21:19:42,【! 报警】,产品换型Station[%1$d]-SN:JDP71ALWB55009902202009191826250数据存储异常！,Ture,0,Product Romete Exchange.vi:\
20/09/2020 21:20:13,【! 报警】,产品换型Station[%1$d]-SN:JDP71ALWB55009902202009191826250数据存储异常！,Ture,0,Product Romete Exchange.vi:\
20/09/2020 21:20:44,【! 报警】,产品换型Station[%1$d]-SN:JDP71ALWB55009902202009191826250数据存储异常！,Ture,0,Product Romete Exchange.vi:\
20/09/2020 21:21:15,【! 报警】,产品换型Station[%1$d]-SN:JDP71ALWB55009902202009191826250数据存储异常！,Ture,0,Product Romete Exchange.vi:\
20/09/2020 21:21:46,【! 报警】,产品换型Station[%1$d]-SN:JDP71ALWB55009902202009191826250数据存储异常！,Ture,0,Product Romete Exchange.vi:\
20/09/2020 21:22:17,【! 报警】,产品换型Station[%1$d]-SN:JDP71ALWB55009902202009191826250数据存储异常！,Ture,0,Product Romete Exchange.vi:\
20/09/2020 21:22:48,【! 报警】,产品换型Station[%1$d]-SN:JDP71ALWB55009902202009191826250数据存储异常！,Ture,0,Product Romete Exchange.vi:\
20/09/2020 21:23:19,【! 报警】,产品换型Station[%1$d]-SN:JDP71ALWB55009902202009191826250数据存储异常！,Ture,0,Product Romete Exchange.vi:\
20/09/2020 21:23:50,【! 报警】,产品换型Station[%1$d]-SN:JDP71ALWB55009902202009191826250数据存储异常！,Ture,0,Product Romete Exchange.vi:\
20/09/2020 21:24:21,【! 报警】,产品换型Station[%1$d]-SN:JDP71ALWB55009902202009191826250数据存储异常！,Ture,0,Product Romete Exchange.vi:\
20/09/2020 21:24:50,【! 报警】,产品换型Station[%1$d]-SN:JDP71ALWB55009902202009191826250数据存储异常！,Ture,0,Product Romete Exchange.vi:\
20/09/2020 21:25:21,【! 报警】,产品换型Station[%1$d]-SN:JDP71ALWB55009902202009191826250数据存储异常！,Ture,0,Product Romete Exchange.vi:\
20/09/2020 21:25:52,【! 报警】,产品换型Station[%1$d]-SN:JDP71ALWB55009902202009191826250数据存储异常！,Ture,0,Product Romete Exchange.vi:\
20/09/2020 21:26:23,【! 报警】,产品换型Station[%1$d]-SN:JDP71ALWB55009902202009191826250数据存储异常！,Ture,0,Product Romete Exchange.vi:\
20/09/2020 21:26:54,【! 报警】,产品换型Station[%1$d]-SN:JDP71ALWB55009902202009191826250数据存储异常！,Ture,0,Product Romete Exchange.vi:\
20/09/2020 21:27:25,【! 报警】,产品换型Station[%1$d]-SN:JDP71ALWB55009902202009191826250数据存储异常！,Ture,0,Product Romete Exchange.vi:\
20/09/2020 21:27:56,【! 报警】,产品换型Station[%1$d]-SN:JDP71ALWB55009902202009191826250数据存储异常！,Ture,0,Product Romete Exchange.vi:\
20/09/2020 21:28:27,【! 报警】,产品换型Station[%1$d]-SN:JDP71ALWB55009902202009191826250数据存储异常！,Ture,0,Product Romete Exchange.vi:\
20/09/2020 21:28:58,【! 报警】,产品换型Station[%1$d]-SN:JDP71ALWB55009902202009191826250数据存储异常！,Ture,0,Product Romete Exchange.vi:\
20/09/2020 21:29:29,【! 报警】,产品换型Station[%1$d]-SN:JDP71ALWB55009902202009191826250数据存储异常！,Ture,0,Product Romete Exchange.vi:\
20/09/2020 21:30:00,【! 报警】,产品换型Station[%1$d]-SN:JDP71ALWB55009902202009191826250数据存储异常！,Ture,0,Product Romete Exchange.vi:\
20/09/2020 21:30:31,【! 报警】,产品换型Station[%1$d]-SN:JDP71ALWB55009902202009191826250数据存储异常！,Ture,0,Product Romete Exchange.vi:\
20/09/2020 21:31:02,【! 报警】,产品换型Station[%1$d]-SN:JDP71ALWB55009902202009191826250数据存储异常！,Ture,0,Product Romete Exchange.vi:\
20/09/2020 21:31:33,【! 报警】,产品换型Station[%1$d]-SN:JDP71ALWB55009902202009191826250数据存储异常！,Ture,0,Product Romete Exchange.vi:\
20/09/2020 21:32:03,【! 报警】,产品换型Station[%1$d]-SN:JDP71ALWB55009902202009191826250数据存储异常！,Ture,0,Product Romete Exchange.vi:\
20/09/2020 21:32:34,【! 报警】,产品换型Station[%1$d]-SN:JDP71ALWB55009902202009191826250数据存储异常！,Ture,0,Product Romete Exchange.vi:\
20/09/2020 21:33:05,【! 报警】,产品换型Station[%1$d]-SN:JDP71ALWB55009902202009191826250数据存储异常！,Ture,0,Product Romete Exchange.vi:\
20/09/2020 21:33:36,【! 报警】,产品换型Station[%1$d]-SN:JDP71ALWB55009902202009191826250数据存储异常！,Ture,0,Product Romete Exchange.vi:\
20/09/2020 21:34:07,【! 报警】,产品换型Station[%1$d]-SN:JDP71ALWB55009902202009191826250数据存储异常！,Ture,0,Product Romete Exchange.vi:\
20/09/2020 21:34:38,【! 报警】,产品换型Station[%1$d]-SN:JDP71ALWB55009902202009191826250数据存储异常！,Ture,0,Product Romete Exchange.vi:\
20/09/2020 21:35:09,【! 报警】,产品换型Station[%1$d]-SN:JDP71ALWB55009902202009191826250数据存储异常！,Ture,0,Product Romete Exchange.vi:\
20/09/2020 21:35:40,【! 报警】,产品换型Station[%1$d]-SN:JDP71ALWB55009902202009191826250数据存储异常！,Ture,0,Product Romete Exchange.vi:\
20/09/2020 21:36:11,【! 报警】,产品换型Station[%1$d]-SN:JDP71ALWB55009902202009191826250数据存储异常！,Ture,0,Product Romete Exchange.vi:\
20/09/2020 21:36:42,【! 报警】,产品换型Station[%1$d]-SN:JDP71ALWB55009902202009191826250数据存储异常！,Ture,0,Product Romete Exchange.vi:\
20/09/2020 21:37:13,【! 报警】,产品换型Station[%1$d]-SN:JDP71ALWB55009902202009191826250数据存储异常！,Ture,0,Product Romete Exchange.vi:\
20/09/2020 21:37:43,【! 报警】,产品换型Station[%1$d]-SN:JDP71ALWB55009902202009191826250数据存储异常！,Ture,0,Product Romete Exchange.vi:\
20/09/2020 21:38:14,【! 报警】,产品换型Station[%1$d]-SN:JDP71ALWB55009902202009191826250数据存储异常！,Ture,0,Product Romete Exchange.vi:\
20/09/2020 21:38:45,【! 报警】,产品换型Station[%1$d]-SN:JDP71ALWB55009902202009191826250数据存储异常！,Ture,0,Product Romete Exchange.vi:\
20/09/2020 21:39:16,【! 报警】,产品换型Station[%1$d]-SN:JDP71ALWB55009902202009191826250数据存储异常！,Ture,0,Product Romete Exchange.vi:\
20/09/2020 21:39:47,【! 报警】,产品换型Station[%1$d]-SN:JDP71ALWB55009902202009191826250数据存储异常！,Ture,0,Product Romete Exchange.vi:\
20/09/2020 21:40:18,【! 报警】,产品换型Station[%1$d]-SN:JDP71ALWB55009902202009191826250数据存储异常！,Ture,0,Product Romete Exchange.vi:\
20/09/2020 21:40:49,【! 报警】,产品换型Station[%1$d]-SN:JDP71ALWB55009902202009191826250数据存储异常！,Ture,0,Product Romete Exchange.vi:\
20/09/2020 21:41:20,【! 报警】,产品换型Station[%1$d]-SN:JDP71ALWB55009902202009191826250数据存储异常！,Ture,0,Product Romete Exchange.vi:\
20/09/2020 21:41:51,【! 报警】,产品换型Station[%1$d]-SN:JDP71ALWB55009902202009191826250数据存储异常！,Ture,0,Product Romete Exchange.vi:\
20/09/2020 21:42:22,【! 报警】,产品换型Station[%1$d]-SN:JDP71ALWB55009902202009191826250数据存储异常！,Ture,0,Product Romete Exchange.vi:\
20/09/2020 21:42:53,【! 报警】,产品换型Station[%1$d]-SN:JDP71ALWB55009902202009191826250数据存储异常！,Ture,0,Product Romete Exchange.vi:\
20/09/2020 21:43:23,【! 报警】,产品换型Station[%1$d]-SN:JDP71ALWB55009902202009191826250数据存储异常！,Ture,0,Product Romete Exchange.vi:\
20/09/2020 21:43:55,【! 报警】,产品换型Station[%1$d]-SN:JDP71ALWB55009902202009191826250数据存储异常！,Ture,0,Product Romete Exchange.vi:\
20/09/2020 21:44:25,【! 报警】,产品换型Station[%1$d]-SN:JDP71ALWB55009902202009191826250数据存储异常！,Ture,0,Product Romete Exchange.vi:\
20/09/2020 21:44:56,【! 报警】,产品换型Station[%1$d]-SN:JDP71ALWB55009902202009191826250数据存储异常！,Ture,0,Product Romete Exchange.vi:\
20/09/2020 21:45:27,【! 报警】,产品换型Station[%1$d]-SN:JDP71ALWB55009902202009191826250数据存储异常！,Ture,0,Product Romete Exchange.vi:\
20/09/2020 21:45:58,【! 报警】,产品换型Station[%1$d]-SN:JDP71ALWB55009902202009191826250数据存储异常！,Ture,0,Product Romete Exchange.vi:\
20/09/2020 21:46:29,【! 报警】,产品换型Station[%1$d]-SN:JDP71ALWB55009902202009191826250数据存储异常！,Ture,0,Product Romete Exchange.vi:\
20/09/2020 21:47:00,【! 报警】,产品换型Station[%1$d]-SN:JDP71ALWB55009902202009191826250数据存储异常！,Ture,0,Product Romete Exchange.vi:\
20/09/2020 21:47:31,【! 报警】,产品换型Station[%1$d]-SN:JDP71ALWB55009902202009191826250数据存储异常！,Ture,0,Product Romete Exchange.vi:\
20/09/2020 21:48:02,【! 报警】,产品换型Station[%1$d]-SN:JDP71ALWB55009902202009191826250数据存储异常！,Ture,0,Product Romete Exchange.vi:\
20/09/2020 21:48:33,【! 报警】,产品换型Station[%1$d]-SN:JDP71ALWB55009902202009191826250数据存储异常！,Ture,0,Product Romete Exchange.vi:\
20/09/2020 21:49:03,【! 报警】,产品换型Station[%1$d]-SN:JDP71ALWB55009902202009191826250数据存储异常！,Ture,0,Product Romete Exchange.vi:\
20/09/2020 21:49:34,【! 报警】,产品换型Station[%1$d]-SN:JDP71ALWB55009902202009191826250数据存储异常！,Ture,0,Product Romete Exchange.vi:\
20/09/2020 21:50:05,【! 报警】,产品换型Station[%1$d]-SN:JDP71ALWB55009902202009191826250数据存储异常！,Ture,0,Product Romete Exchange.vi:\
20/09/2020 21:50:36,【! 报警】,产品换型Station[%1$d]-SN:JDP71ALWB55009902202009191826250数据存储异常！,Ture,0,Product Romete Exchange.vi:\
20/09/2020 21:51:07,【! 报警】,产品换型Station[%1$d]-SN:JDP71ALWB55009902202009191826250数据存储异常！,Ture,0,Product Romete Exchange.vi:\
20/09/2020 21:51:38,【! 报警】,产品换型Station[%1$d]-SN:JDP71ALWB55009902202009191826250数据存储异常！,Ture,0,Product Romete Exchange.vi:\
20/09/2020 21:52:09,【! 报警】,产品换型Station[%1$d]-SN:JDP71ALWB55009902202009191826250数据存储异常！,Ture,0,Product Romete Exchange.vi:\
20/09/2020 21:52:40,【! 报警】,产品换型Station[%1$d]-SN:JDP71ALWB55009902202009191826250数据存储异常！,Ture,0,Product Romete Exchange.vi:\
20/09/2020 21:53:11,【! 报警】,产品换型Station[%1$d]-SN:JDP71ALWB55009902202009191826250数据存储异常！,Ture,0,Product Romete Exchange.vi:\
20/09/2020 21:53:41,【! 报警】,产品换型Station[%1$d]-SN:JDP71ALWB55009902202009191826250数据存储异常！,Ture,0,Product Romete Exchange.vi:\
20/09/2020 21:54:12,【! 报警】,产品换型Station[%1$d]-SN:JDP71ALWB55009902202009191826250数据存储异常！,Ture,0,Product Romete Exchange.vi:\
20/09/2020 21:54:43,【! 报警】,产品换型Station[%1$d]-SN:JDP71ALWB55009902202009191826250数据存储异常！,Ture,0,Product Romete Exchange.vi:\
20/09/2020 21:55:14,【! 报警】,产品换型Station[%1$d]-SN:JDP71ALWB55009902202009191826250数据存储异常！,Ture,0,Product Romete Exchange.vi:\
20/09/2020 21:55:45,【! 报警】,产品换型Station[%1$d]-SN:JDP71ALWB55009902202009191826250数据存储异常！,Ture,0,Product Romete Exchange.vi:\
20/09/2020 21:56:16,【! 报警】,产品换型Station[%1$d]-SN:JDP71ALWB55009902202009191826250数据存储异常！,Ture,0,Product Romete Exchange.vi:\
20/09/2020 21:56:47,【! 报警】,产品换型Station[%1$d]-SN:JDP71ALWB55009902202009191826250数据存储异常！,Ture,0,Product Romete Exchange.vi:\
20/09/2020 21:57:18,【! 报警】,产品换型Station[%1$d]-SN:JDP71ALWB55009902202009191826250数据存储异常！,Ture,0,Product Romete Exchange.vi:\
20/09/2020 21:57:48,【! 报警】,产品换型Station[%1$d]-SN:JDP71ALWB55009902202009191826250数据存储异常！,Ture,0,Product Romete Exchange.vi:\
20/09/2020 21:58:19,【! 报警】,产品换型Station[%1$d]-SN:JDP71ALWB55009902202009191826250数据存储异常！,Ture,0,Product Romete Exchange.vi:\
20/09/2020 21:58:50,【! 报警】,产品换型Station[%1$d]-SN:JDP71ALWB55009902202009191826250数据存储异常！,Ture,0,Product Romete Exchange.vi:\
20/09/2020 21:59:21,【! 报警】,产品换型Station[%1$d]-SN:JDP71ALWB55009902202009191826250数据存储异常！,Ture,0,Product Romete Exchange.vi:\
20/09/2020 21:59:52,【! 报警】,产品换型Station[%1$d]-SN:JDP71ALWB55009902202009191826250数据存储异常！,Ture,0,Product Romete Exchange.vi:\
20/09/2020 22:00:23,【! 报警】,产品换型Station[%1$d]-SN:JDP71ALWB55009902202009191826250数据存储异常！,Ture,0,Product Romete Exchange.vi:\
20/09/2020 22:00:54,【! 报警】,产品换型Station[%1$d]-SN:JDP71ALWB55009902202009191826250数据存储异常！,Ture,0,Product Romete Exchange.vi:\
20/09/2020 22:01:25,【! 报警】,产品换型Station[%1$d]-SN:JDP71ALWB55009902202009191826250数据存储异常！,Ture,0,Product Romete Exchange.vi:\
20/09/2020 22:01:56,【! 报警】,产品换型Station[%1$d]-SN:JDP71ALWB55009902202009191826250数据存储异常！,Ture,0,Product Romete Exchange.vi:\
20/09/2020 22:02:27,【! 报警】,产品换型Station[%1$d]-SN:JDP71ALWB55009902202009191826250数据存储异常！,Ture,0,Product Romete Exchange.vi:\
20/09/2020 22:02:58,【! 报警】,产品换型Station[%1$d]-SN:JDP71ALWB55009902202009191826250数据存储异常！,Ture,0,Product Romete Exchange.vi:\
20/09/2020 22:03:29,【! 报警】,产品换型Station[%1$d]-SN:JDP71ALWB55009902202009191826250数据存储异常！,Ture,0,Product Romete Exchange.vi:\
20/09/2020 22:04:00,【! 报警】,产品换型Station[%1$d]-SN:JDP71ALWB55009902202009191826250数据存储异常！,Ture,0,Product Romete Exchange.vi:\
20/09/2020 22:04:30,【! 报警】,产品换型Station[%1$d]-SN:JDP71ALWB55009902202009191826250数据存储异常！,Ture,0,Product Romete Exchange.vi:\
20/09/2020 22:05:01,【! 报警】,产品换型Station[%1$d]-SN:JDP71ALWB55009902202009191826250数据存储异常！,Ture,0,Product Romete Exchange.vi:\
20/09/2020 22:05:32,【! 报警】,产品换型Station[%1$d]-SN:JDP71ALWB55009902202009191826250数据存储异常！,Ture,0,Product Romete Exchange.vi:\
20/09/2020 22:06:03,【! 报警】,产品换型Station[%1$d]-SN:JDP71ALWB55009902202009191826250数据存储异常！,Ture,0,Product Romete Exchange.vi:\
20/09/2020 22:06:34,【! 报警】,产品换型Station[%1$d]-SN:JDP71ALWB55009902202009191826250数据存储异常！,Ture,0,Product Romete Exchange.vi:\
20/09/2020 22:07:05,【! 报警】,产品换型Station[%1$d]-SN:JDP71ALWB55009902202009191826250数据存储异常！,Ture,0,Product Romete Exchange.vi:\
20/09/2020 22:07:36,【! 报警】,产品换型Station[%1$d]-SN:JDP71ALWB55009902202009191826250数据存储异常！,Ture,0,Product Romete Exchange.vi:\
20/09/2020 22:08:07,【! 报警】,产品换型Station[%1$d]-SN:JDP71ALWB55009902202009191826250数据存储异常！,Ture,0,Product Romete Exchange.vi:\
20/09/2020 22:08:38,【! 报警】,产品换型Station[%1$d]-SN:JDP71ALWB55009902202009191826250数据存储异常！,Ture,0,Product Romete Exchange.vi:\
20/09/2020 22:09:08,【! 报警】,产品换型Station[%1$d]-SN:JDP71ALWB55009902202009191826250数据存储异常！,Ture,0,Product Romete Exchange.vi:\
20/09/2020 22:09:39,【! 报警】,产品换型Station[%1$d]-SN:JDP71ALWB55009902202009191826250数据存储异常！,Ture,0,Product Romete Exchange.vi:\
20/09/2020 22:10:10,【! 报警】,产品换型Station[%1$d]-SN:JDP71ALWB55009902202009191826250数据存储异常！,Ture,0,Product Romete Exchange.vi:\
20/09/2020 22:10:41,【! 报警】,产品换型Station[%1$d]-SN:JDP71ALWB55009902202009191826250数据存储异常！,Ture,0,Product Romete Exchange.vi:\
20/09/2020 22:11:12,【! 报警】,产品换型Station[%1$d]-SN:JDP71ALWB55009902202009191826250数据存储异常！,Ture,0,Product Romete Exchange.vi:\
20/09/2020 22:11:43,【! 报警】,产品换型Station[%1$d]-SN:JDP71ALWB55009902202009191826250数据存储异常！,Ture,0,Product Romete Exchange.vi:\
20/09/2020 22:12:14,【! 报警】,产品换型Station[%1$d]-SN:JDP71ALWB55009902202009191826250数据存储异常！,Ture,0,Product Romete Exchange.vi:\
20/09/2020 22:12:45,【! 报警】,产品换型Station[%1$d]-SN:JDP71ALWB55009902202009191826250数据存储异常！,Ture,0,Product Romete Exchange.vi:\
20/09/2020 22:13:16,【! 报警】,产品换型Station[%1$d]-SN:JDP71ALWB55009902202009191826250数据存储异常！,Ture,0,Product Romete Exchange.vi:\
20/09/2020 22:13:47,【! 报警】,产品换型Station[%1$d]-SN:JDP71ALWB55009902202009191826250数据存储异常！,Ture,0,Product Romete Exchange.vi:\
20/09/2020 22:14:18,【! 报警】,产品换型Station[%1$d]-SN:JDP71ALWB55009902202009191826250数据存储异常！,Ture,0,Product Romete Exchange.vi:\
20/09/2020 22:14:49,【! 报警】,产品换型Station[%1$d]-SN:JDP71ALWB55009902202009191826250数据存储异常！,Ture,0,Product Romete Exchange.vi:\
20/09/2020 22:15:19,【! 报警】,产品换型Station[%1$d]-SN:JDP71ALWB55009902202009191826250数据存储异常！,Ture,0,Product Romete Exchange.vi:\
20/09/2020 22:15:50,【! 报警】,产品换型Station[%1$d]-SN:JDP71ALWB55009902202009191826250数据存储异常！,Ture,0,Product Romete Exchange.vi:\
20/09/2020 22:16:21,【! 报警】,产品换型Station[%1$d]-SN:JDP71ALWB55009902202009191826250数据存储异常！,Ture,0,Product Romete Exchange.vi:\
20/09/2020 22:16:52,【! 报警】,产品换型Station[%1$d]-SN:JDP71ALWB55009902202009191826250数据存储异常！,Ture,0,Product Romete Exchange.vi:\
20/09/2020 22:17:23,【! 报警】,产品换型Station[%1$d]-SN:JDP71ALWB55009902202009191826250数据存储异常！,Ture,0,Product Romete Exchange.vi:\
20/09/2020 22:17:54,【! 报警】,产品换型Station[%1$d]-SN:JDP71ALWB55009902202009191826250数据存储异常！,Ture,0,Product Romete Exchange.vi:\
20/09/2020 22:18:25,【! 报警】,产品换型Station[%1$d]-SN:JDP71ALWB55009902202009191826250数据存储异常！,Ture,0,Product Romete Exchange.vi:\
20/09/2020 22:18:56,【! 报警】,产品换型Station[%1$d]-SN:JDP71ALWB55009902202009191826250数据存储异常！,Ture,0,Product Romete Exchange.vi:\
20/09/2020 22:19:27,【! 报警】,产品换型Station[%1$d]-SN:JDP71ALWB55009902202009191826250数据存储异常！,Ture,0,Product Romete Exchange.vi:\
20/09/2020 22:19:58,【! 报警】,产品换型Station[%1$d]-SN:JDP71ALWB55009902202009191826250数据存储异常！,Ture,0,Product Romete Exchange.vi:\
20/09/2020 22:20:28,【! 报警】,产品换型Station[%1$d]-SN:JDP71ALWB55009902202009191826250数据存储异常！,Ture,0,Product Romete Exchange.vi:\
20/09/2020 22:20:59,【! 报警】,产品换型Station[%1$d]-SN:JDP71ALWB55009902202009191826250数据存储异常！,Ture,0,Product Romete Exchange.vi:\
20/09/2020 22:21:30,【! 报警】,产品换型Station[%1$d]-SN:JDP71ALWB55009902202009191826250数据存储异常！,Ture,0,Product Romete Exchange.vi:\
20/09/2020 22:22:01,【! 报警】,产品换型Station[%1$d]-SN:JDP71ALWB55009902202009191826250数据存储异常！,Ture,0,Product Romete Exchange.vi:\
20/09/2020 22:22:32,【! 报警】,产品换型Station[%1$d]-SN:JDP71ALWB55009902202009191826250数据存储异常！,Ture,0,Product Romete Exchange.vi:\
20/09/2020 22:23:03,【! 报警】,产品换型Station[%1$d]-SN:JDP71ALWB55009902202009191826250数据存储异常！,Ture,0,Product Romete Exchange.vi:\
20/09/2020 22:23:33,【! 报警】,产品换型Station[%1$d]-SN:JDP71ALWB55009902202009191826250数据存储异常！,Ture,0,Product Romete Exchange.vi:\
20/09/2020 22:24:04,【! 报警】,产品换型Station[%1$d]-SN:JDP71ALWB55009902202009191826250数据存储异常！,Ture,0,Product Romete Exchange.vi:\
20/09/2020 22:24:35,【! 报警】,产品换型Station[%1$d]-SN:JDP71ALWB55009902202009191826250数据存储异常！,Ture,0,Product Romete Exchange.vi:\
20/09/2020 22:25:06,【! 报警】,产品换型Station[%1$d]-SN:JDP71ALWB55009902202009191826250数据存储异常！,Ture,0,Product Romete Exchange.vi:\
20/09/2020 22:25:37,【! 报警】,产品换型Station[%1$d]-SN:JDP71ALWB55009902202009191826250数据存储异常！,Ture,0,Product Romete Exchange.vi:\
20/09/2020 22:26:08,【! 报警】,产品换型Station[%1$d]-SN:JDP71ALWB55009902202009191826250数据存储异常！,Ture,0,Product Romete Exchange.vi:\
20/09/2020 22:26:39,【! 报警】,产品换型Station[%1$d]-SN:JDP71ALWB55009902202009191826250数据存储异常！,Ture,0,Product Romete Exchange.vi:\
20/09/2020 22:27:09,【! 报警】,产品换型Station[%1$d]-SN:JDP71ALWB55009902202009191826250数据存储异常！,Ture,0,Product Romete Exchange.vi:\
20/09/2020 22:27:40,【! 报警】,产品换型Station[%1$d]-SN:JDP71ALWB55009902202009191826250数据存储异常！,Ture,0,Product Romete Exchange.vi:\
20/09/2020 22:28:11,【! 报警】,产品换型Station[%1$d]-SN:JDP71ALWB55009902202009191826250数据存储异常！,Ture,0,Product Romete Exchange.vi:\
20/09/2020 22:28:42,【! 报警】,产品换型Station[%1$d]-SN:JDP71ALWB55009902202009191826250数据存储异常！,Ture,0,Product Romete Exchange.vi:\
20/09/2020 22:29:13,【! 报警】,产品换型Station[%1$d]-SN:JDP71ALWB55009902202009191826250数据存储异常！,Ture,0,Product Romete Exchange.vi:\
20/09/2020 22:29:43,【! 报警】,产品换型Station[%1$d]-SN:JDP71ALWB55009902202009191826250数据存储异常！,Ture,0,Product Romete Exchange.vi:\
20/09/2020 22:30:14,【! 报警】,产品换型Station[%1$d]-SN:JDP71ALWB55009902202009191826250数据存储异常！,Ture,0,Product Romete Exchange.vi:\
20/09/2020 22:30:45,【! 报警】,产品换型Station[%1$d]-SN:JDP71ALWB55009902202009191826250数据存储异常！,Ture,0,Product Romete Exchange.vi:\
20/09/2020 22:31:16,【! 报警】,产品换型Station[%1$d]-SN:JDP71ALWB55009902202009191826250数据存储异常！,Ture,0,Product Romete Exchange.vi:\
20/09/2020 22:31:47,【! 报警】,产品换型Station[%1$d]-SN:JDP71ALWB55009902202009191826250数据存储异常！,Ture,0,Product Romete Exchange.vi:\
20/09/2020 22:32:18,【! 报警】,产品换型Station[%1$d]-SN:JDP71ALWB55009902202009191826250数据存储异常！,Ture,0,Product Romete Exchange.vi:\
20/09/2020 22:32:49,【! 报警】,产品换型Station[%1$d]-SN:JDP71ALWB55009902202009191826250数据存储异常！,Ture,0,Product Romete Exchange.vi:\
20/09/2020 22:33:19,【! 报警】,产品换型Station[%1$d]-SN:JDP71ALWB55009902202009191826250数据存储异常！,Ture,0,Product Romete Exchange.vi:\
20/09/2020 22:33:50,【! 报警】,产品换型Station[%1$d]-SN:JDP71ALWB55009902202009191826250数据存储异常！,Ture,0,Product Romete Exchange.vi:\
20/09/2020 22:34:21,【! 报警】,产品换型Station[%1$d]-SN:JDP71ALWB55009902202009191826250数据存储异常！,Ture,0,Product Romete Exchange.vi:\
20/09/2020 22:34:52,【! 报警】,产品换型Station[%1$d]-SN:JDP71ALWB55009902202009191826250数据存储异常！,Ture,0,Product Romete Exchange.vi:\
20/09/2020 22:35:23,【! 报警】,产品换型Station[%1$d]-SN:JDP71ALWB55009902202009191826250数据存储异常！,Ture,0,Product Romete Exchange.vi:\
20/09/2020 22:35:54,【! 报警】,产品换型Station[%1$d]-SN:JDP71ALWB55009902202009191826250数据存储异常！,Ture,0,Product Romete Exchange.vi:\
20/09/2020 22:36:25,【! 报警】,产品换型Station[%1$d]-SN:JDP71ALWB55009902202009191826250数据存储异常！,Ture,0,Product Romete Exchange.vi:\
20/09/2020 22:36:56,【! 报警】,产品换型Station[%1$d]-SN:JDP71ALWB55009902202009191826250数据存储异常！,Ture,0,Product Romete Exchange.vi:\
20/09/2020 22:37:27,【! 报警】,产品换型Station[%1$d]-SN:JDP71ALWB55009902202009191826250数据存储异常！,Ture,0,Product Romete Exchange.vi:\
20/09/2020 22:37:57,【! 报警】,产品换型Station[%1$d]-SN:JDP71ALWB55009902202009191826250数据存储异常！,Ture,0,Product Romete Exchange.vi:\
20/09/2020 22:38:28,【! 报警】,产品换型Station[%1$d]-SN:JDP71ALWB55009902202009191826250数据存储异常！,Ture,0,Product Romete Exchange.vi:\
20/09/2020 22:38:59,【! 报警】,产品换型Station[%1$d]-SN:JDP71ALWB55009902202009191826250数据存储异常！,Ture,0,Product Romete Exchange.vi:\
20/09/2020 22:39:30,【! 报警】,产品换型Station[%1$d]-SN:JDP71ALWB55009902202009191826250数据存储异常！,Ture,0,Product Romete Exchange.vi:\
20/09/2020 22:40:01,【! 报警】,产品换型Station[%1$d]-SN:JDP71ALWB55009902202009191826250数据存储异常！,Ture,0,Product Romete Exchange.vi:\
20/09/2020 22:40:32,【! 报警】,产品换型Station[%1$d]-SN:JDP71ALWB55009902202009191826250数据存储异常！,Ture,0,Product Romete Exchange.vi:\
20/09/2020 22:41:03,【! 报警】,产品换型Station[%1$d]-SN:JDP71ALWB55009902202009191826250数据存储异常！,Ture,0,Product Romete Exchange.vi:\
20/09/2020 22:41:34,【! 报警】,产品换型Station[%1$d]-SN:JDP71ALWB55009902202009191826250数据存储异常！,Ture,0,Product Romete Exchange.vi:\
20/09/2020 22:42:05,【! 报警】,产品换型Station[%1$d]-SN:JDP71ALWB55009902202009191826250数据存储异常！,Ture,0,Product Romete Exchange.vi:\
20/09/2020 22:42:36,【! 报警】,产品换型Station[%1$d]-SN:JDP71ALWB55009902202009191826250数据存储异常！,Ture,0,Product Romete Exchange.vi:\
20/09/2020 22:43:07,【! 报警】,产品换型Station[%1$d]-SN:JDP71ALWB55009902202009191826250数据存储异常！,Ture,0,Product Romete Exchange.vi:\
20/09/2020 22:43:38,【! 报警】,产品换型Station[%1$d]-SN:JDP71ALWB55009902202009191826250数据存储异常！,Ture,0,Product Romete Exchange.vi:\
20/09/2020 22:44:08,【! 报警】,产品换型Station[%1$d]-SN:JDP71ALWB55009902202009191826250数据存储异常！,Ture,0,Product Romete Exchange.vi:\
20/09/2020 22:44:39,【! 报警】,产品换型Station[%1$d]-SN:JDP71ALWB55009902202009191826250数据存储异常！,Ture,0,Product Romete Exchange.vi:\
20/09/2020 22:45:10,【! 报警】,产品换型Station[%1$d]-SN:JDP71ALWB55009902202009191826250数据存储异常！,Ture,0,Product Romete Exchange.vi:\
20/09/2020 22:45:41,【! 报警】,产品换型Station[%1$d]-SN:JDP71ALWB55009902202009191826250数据存储异常！,Ture,0,Product Romete Exchange.vi:\
20/09/2020 22:46:12,【! 报警】,产品换型Station[%1$d]-SN:JDP71ALWB55009902202009191826250数据存储异常！,Ture,0,Product Romete Exchange.vi:\
20/09/2020 22:46:43,【! 报警】,产品换型Station[%1$d]-SN:JDP71ALWB55009902202009191826250数据存储异常！,Ture,0,Product Romete Exchange.vi:\
20/09/2020 22:47:14,【! 报警】,产品换型Station[%1$d]-SN:JDP71ALWB55009902202009191826250数据存储异常！,Ture,0,Product Romete Exchange.vi:\
20/09/2020 22:47:45,【! 报警】,产品换型Station[%1$d]-SN:JDP71ALWB55009902202009191826250数据存储异常！,Ture,0,Product Romete Exchange.vi:\
20/09/2020 22:48:15,【! 报警】,产品换型Station[%1$d]-SN:JDP71ALWB55009902202009191826250数据存储异常！,Ture,0,Product Romete Exchange.vi:\
20/09/2020 22:48:46,【! 报警】,产品换型Station[%1$d]-SN:JDP71ALWB55009902202009191826250数据存储异常！,Ture,0,Product Romete Exchange.vi:\
20/09/2020 22:49:17,【! 报警】,产品换型Station[%1$d]-SN:JDP71ALWB55009902202009191826250数据存储异常！,Ture,0,Product Romete Exchange.vi:\
20/09/2020 22:49:48,【! 报警】,产品换型Station[%1$d]-SN:JDP71ALWB55009902202009191826250数据存储异常！,Ture,0,Product Romete Exchange.vi:\
20/09/2020 22:50:19,【! 报警】,产品换型Station[%1$d]-SN:JDP71ALWB55009902202009191826250数据存储异常！,Ture,0,Product Romete Exchange.vi:\
20/09/2020 22:50:50,【! 报警】,产品换型Station[%1$d]-SN:JDP71ALWB55009902202009191826250数据存储异常！,Ture,0,Product Romete Exchange.vi:\
20/09/2020 22:51:20,【! 报警】,产品换型Station[%1$d]-SN:JDP71ALWB55009902202009191826250数据存储异常！,Ture,0,Product Romete Exchange.vi:\
20/09/2020 22:51:51,【! 报警】,产品换型Station[%1$d]-SN:JDP71ALWB55009902202009191826250数据存储异常！,Ture,0,Product Romete Exchange.vi:\
20/09/2020 22:52:22,【! 报警】,产品换型Station[%1$d]-SN:JDP71ALWB55009902202009191826250数据存储异常！,Ture,0,Product Romete Exchange.vi:\
20/09/2020 22:52:53,【! 报警】,产品换型Station[%1$d]-SN:JDP71ALWB55009902202009191826250数据存储异常！,Ture,0,Product Romete Exchange.vi:\
20/09/2020 22:53:23,【! 报警】,产品换型Station[%1$d]-SN:JDP71ALWB55009902202009191826250数据存储异常！,Ture,0,Product Romete Exchange.vi:\
20/09/2020 22:53:54,【! 报警】,产品换型Station[%1$d]-SN:JDP71ALWB55009902202009191826250数据存储异常！,Ture,0,Product Romete Exchange.vi:\
20/09/2020 22:54:25,【! 报警】,产品换型Station[%1$d]-SN:JDP71ALWB55009902202009191826250数据存储异常！,Ture,0,Product Romete Exchange.vi:\
20/09/2020 22:54:56,【! 报警】,产品换型Station[%1$d]-SN:JDP71ALWB55009902202009191826250数据存储异常！,Ture,0,Product Romete Exchange.vi:\
20/09/2020 22:55:27,【! 报警】,产品换型Station[%1$d]-SN:JDP71ALWB55009902202009191826250数据存储异常！,Ture,0,Product Romete Exchange.vi:\
20/09/2020 22:55:58,【! 报警】,产品换型Station[%1$d]-SN:JDP71ALWB55009902202009191826250数据存储异常！,Ture,0,Product Romete Exchange.vi:\
20/09/2020 22:56:28,【! 报警】,产品换型Station[%1$d]-SN:JDP71ALWB55009902202009191826250数据存储异常！,Ture,0,Product Romete Exchange.vi:\
20/09/2020 22:56:59,【! 报警】,产品换型Station[%1$d]-SN:JDP71ALWB55009902202009191826250数据存储异常！,Ture,0,Product Romete Exchange.vi:\
20/09/2020 22:57:30,【! 报警】,产品换型Station[%1$d]-SN:JDP71ALWB55009902202009191826250数据存储异常！,Ture,0,Product Romete Exchange.vi:\
20/09/2020 22:58:00,【! 报警】,产品换型Station[%1$d]-SN:JDP71ALWB55009902202009191826250数据存储异常！,Ture,0,Product Romete Exchange.vi:\
20/09/2020 22:58:31,【! 报警】,产品换型Station[%1$d]-SN:JDP71ALWB55009902202009191826250数据存储异常！,Ture,0,Product Romete Exchange.vi:\
20/09/2020 22:59:02,【! 报警】,产品换型Station[%1$d]-SN:JDP71ALWB55009902202009191826250数据存储异常！,Ture,0,Product Romete Exchange.vi:\
20/09/2020 22:59:33,【! 报警】,产品换型Station[%1$d]-SN:JDP71ALWB55009902202009191826250数据存储异常！,Ture,0,Product Romete Exchange.vi:\
20/09/2020 23:00:04,【! 报警】,产品换型Station[%1$d]-SN:JDP71ALWB55009902202009191826250数据存储异常！,Ture,0,Product Romete Exchange.vi:\
20/09/2020 23:00:35,【! 报警】,产品换型Station[%1$d]-SN:JDP71ALWB55009902202009191826250数据存储异常！,Ture,0,Product Romete Exchange.vi:\
20/09/2020 23:01:06,【! 报警】,产品换型Station[%1$d]-SN:JDP71ALWB55009902202009191826250数据存储异常！,Ture,0,Product Romete Exchange.vi:\
20/09/2020 23:01:36,【! 报警】,产品换型Station[%1$d]-SN:JDP71ALWB55009902202009191826250数据存储异常！,Ture,0,Product Romete Exchange.vi:\
20/09/2020 23:02:07,【! 报警】,产品换型Station[%1$d]-SN:JDP71ALWB55009902202009191826250数据存储异常！,Ture,0,Product Romete Exchange.vi:\
20/09/2020 23:02:38,【! 报警】,产品换型Station[%1$d]-SN:JDP71ALWB55009902202009191826250数据存储异常！,Ture,0,Product Romete Exchange.vi:\
20/09/2020 23:03:09,【! 报警】,产品换型Station[%1$d]-SN:JDP71ALWB55009902202009191826250数据存储异常！,Ture,0,Product Romete Exchange.vi:\
20/09/2020 23:03:40,【! 报警】,产品换型Station[%1$d]-SN:JDP71ALWB55009902202009191826250数据存储异常！,Ture,0,Product Romete Exchange.vi:\
20/09/2020 23:04:11,【! 报警】,产品换型Station[%1$d]-SN:JDP71ALWB55009902202009191826250数据存储异常！,Ture,0,Product Romete Exchange.vi:\
20/09/2020 23:04:42,【! 报警】,产品换型Station[%1$d]-SN:JDP71ALWB55009902202009191826250数据存储异常！,Ture,0,Product Romete Exchange.vi:\
20/09/2020 23:05:13,【! 报警】,产品换型Station[%1$d]-SN:JDP71ALWB55009902202009191826250数据存储异常！,Ture,0,Product Romete Exchange.vi:\
20/09/2020 23:05:43,【! 报警】,产品换型Station[%1$d]-SN:JDP71ALWB55009902202009191826250数据存储异常！,Ture,0,Product Romete Exchange.vi:\
20/09/2020 23:06:14,【! 报警】,产品换型Station[%1$d]-SN:JDP71ALWB55009902202009191826250数据存储异常！,Ture,0,Product Romete Exchange.vi:\
20/09/2020 23:06:45,【! 报警】,产品换型Station[%1$d]-SN:JDP71ALWB55009902202009191826250数据存储异常！,Ture,0,Product Romete Exchange.vi:\
20/09/2020 23:07:16,【! 报警】,产品换型Station[%1$d]-SN:JDP71ALWB55009902202009191826250数据存储异常！,Ture,0,Product Romete Exchange.vi:\
20/09/2020 23:07:46,【! 报警】,产品换型Station[%1$d]-SN:JDP71ALWB55009902202009191826250数据存储异常！,Ture,0,Product Romete Exchange.vi:\
20/09/2020 23:08:17,【! 报警】,产品换型Station[%1$d]-SN:JDP71ALWB55009902202009191826250数据存储异常！,Ture,0,Product Romete Exchange.vi:\
20/09/2020 23:08:48,【! 报警】,产品换型Station[%1$d]-SN:JDP71ALWB55009902202009191826250数据存储异常！,Ture,0,Product Romete Exchange.vi:\
20/09/2020 23:09:19,【! 报警】,产品换型Station[%1$d]-SN:JDP71ALWB55009902202009191826250数据存储异常！,Ture,0,Product Romete Exchange.vi:\
20/09/2020 23:09:50,【! 报警】,产品换型Station[%1$d]-SN:JDP71ALWB55009902202009191826250数据存储异常！,Ture,0,Product Romete Exchange.vi:\
20/09/2020 23:10:21,【! 报警】,产品换型Station[%1$d]-SN:JDP71ALWB55009902202009191826250数据存储异常！,Ture,0,Product Romete Exchange.vi:\
20/09/2020 23:10:51,【! 报警】,产品换型Station[%1$d]-SN:JDP71ALWB55009902202009191826250数据存储异常！,Ture,0,Product Romete Exchange.vi:\
20/09/2020 23:11:22,【! 报警】,产品换型Station[%1$d]-SN:JDP71ALWB55009902202009191826250数据存储异常！,Ture,0,Product Romete Exchange.vi:\
20/09/2020 23:11:53,【! 报警】,产品换型Station[%1$d]-SN:JDP71ALWB55009902202009191826250数据存储异常！,Ture,0,Product Romete Exchange.vi:\
20/09/2020 23:12:24,【! 报警】,产品换型Station[%1$d]-SN:JDP71ALWB55009902202009191826250数据存储异常！,Ture,0,Product Romete Exchange.vi:\
20/09/2020 23:12:54,【! 报警】,产品换型Station[%1$d]-SN:JDP71ALWB55009902202009191826250数据存储异常！,Ture,0,Product Romete Exchange.vi:\
20/09/2020 23:13:25,【! 报警】,产品换型Station[%1$d]-SN:JDP71ALWB55009902202009191826250数据存储异常！,Ture,0,Product Romete Exchange.vi:\
20/09/2020 23:13:56,【! 报警】,产品换型Station[%1$d]-SN:JDP71ALWB55009902202009191826250数据存储异常！,Ture,0,Product Romete Exchange.vi:\
20/09/2020 23:14:27,【! 报警】,产品换型Station[%1$d]-SN:JDP71ALWB55009902202009191826250数据存储异常！,Ture,0,Product Romete Exchange.vi:\
20/09/2020 23:14:58,【! 报警】,产品换型Station[%1$d]-SN:JDP71ALWB55009902202009191826250数据存储异常！,Ture,0,Product Romete Exchange.vi:\
20/09/2020 23:15:29,【! 报警】,产品换型Station[%1$d]-SN:JDP71ALWB55009902202009191826250数据存储异常！,Ture,0,Product Romete Exchange.vi:\
20/09/2020 23:16:00,【! 报警】,产品换型Station[%1$d]-SN:JDP71ALWB55009902202009191826250数据存储异常！,Ture,0,Product Romete Exchange.vi:\
20/09/2020 23:16:31,【! 报警】,产品换型Station[%1$d]-SN:JDP71ALWB55009902202009191826250数据存储异常！,Ture,0,Product Romete Exchange.vi:\
20/09/2020 23:17:02,【! 报警】,产品换型Station[%1$d]-SN:JDP71ALWB55009902202009191826250数据存储异常！,Ture,0,Product Romete Exchange.vi:\
20/09/2020 23:17:33,【! 报警】,产品换型Station[%1$d]-SN:JDP71ALWB55009902202009191826250数据存储异常！,Ture,0,Product Romete Exchange.vi:\
20/09/2020 23:18:04,【! 报警】,产品换型Station[%1$d]-SN:JDP71ALWB55009902202009191826250数据存储异常！,Ture,0,Product Romete Exchange.vi:\
20/09/2020 23:18:35,【! 报警】,产品换型Station[%1$d]-SN:JDP71ALWB55009902202009191826250数据存储异常！,Ture,0,Product Romete Exchange.vi:\
20/09/2020 23:19:06,【! 报警】,产品换型Station[%1$d]-SN:JDP71ALWB55009902202009191826250数据存储异常！,Ture,0,Product Romete Exchange.vi:\
20/09/2020 23:19:36,【! 报警】,产品换型Station[%1$d]-SN:JDP71ALWB55009902202009191826250数据存储异常！,Ture,0,Product Romete Exchange.vi:\
20/09/2020 23:20:07,【! 报警】,产品换型Station[%1$d]-SN:JDP71ALWB55009902202009191826250数据存储异常！,Ture,0,Product Romete Exchange.vi:\
20/09/2020 23:20:38,【! 报警】,产品换型Station[%1$d]-SN:JDP71ALWB55009902202009191826250数据存储异常！,Ture,0,Product Romete Exchange.vi:\
20/09/2020 23:21:09,【! 报警】,产品换型Station[%1$d]-SN:JDP71ALWB55009902202009191826250数据存储异常！,Ture,0,Product Romete Exchange.vi:\
20/09/2020 23:21:40,【! 报警】,产品换型Station[%1$d]-SN:JDP71ALWB55009902202009191826250数据存储异常！,Ture,0,Product Romete Exchange.vi:\
20/09/2020 23:22:11,【! 报警】,产品换型Station[%1$d]-SN:JDP71ALWB55009902202009191826250数据存储异常！,Ture,0,Product Romete Exchange.vi:\
20/09/2020 23:22:42,【! 报警】,产品换型Station[%1$d]-SN:JDP71ALWB55009902202009191826250数据存储异常！,Ture,0,Product Romete Exchange.vi:\
20/09/2020 23:23:12,【! 报警】,产品换型Station[%1$d]-SN:JDP71ALWB55009902202009191826250数据存储异常！,Ture,0,Product Romete Exchange.vi:\
20/09/2020 23:23:43,【! 报警】,产品换型Station[%1$d]-SN:JDP71ALWB55009902202009191826250数据存储异常！,Ture,0,Product Romete Exchange.vi:\
20/09/2020 23:24:14,【! 报警】,产品换型Station[%1$d]-SN:JDP71ALWB55009902202009191826250数据存储异常！,Ture,0,Product Romete Exchange.vi:\
20/09/2020 23:24:45,【! 报警】,产品换型Station[%1$d]-SN:JDP71ALWB55009902202009191826250数据存储异常！,Ture,0,Product Romete Exchange.vi:\
20/09/2020 23:25:16,【! 报警】,产品换型Station[%1$d]-SN:JDP71ALWB55009902202009191826250数据存储异常！,Ture,0,Product Romete Exchange.vi:\
20/09/2020 23:25:47,【! 报警】,产品换型Station[%1$d]-SN:JDP71ALWB55009902202009191826250数据存储异常！,Ture,0,Product Romete Exchange.vi:\
20/09/2020 23:26:17,【! 报警】,产品换型Station[%1$d]-SN:JDP71ALWB55009902202009191826250数据存储异常！,Ture,0,Product Romete Exchange.vi:\
20/09/2020 23:26:48,【! 报警】,产品换型Station[%1$d]-SN:JDP71ALWB55009902202009191826250数据存储异常！,Ture,0,Product Romete Exchange.vi:\
20/09/2020 23:27:19,【! 报警】,产品换型Station[%1$d]-SN:JDP71ALWB55009902202009191826250数据存储异常！,Ture,0,Product Romete Exchange.vi:\
20/09/2020 23:27:50,【! 报警】,产品换型Station[%1$d]-SN:JDP71ALWB55009902202009191826250数据存储异常！,Ture,0,Product Romete Exchange.vi:\
20/09/2020 23:28:21,【! 报警】,产品换型Station[%1$d]-SN:JDP71ALWB55009902202009191826250数据存储异常！,Ture,0,Product Romete Exchange.vi:\
20/09/2020 23:28:52,【! 报警】,产品换型Station[%1$d]-SN:JDP71ALWB55009902202009191826250数据存储异常！,Ture,0,Product Romete Exchange.vi:\
20/09/2020 23:29:23,【! 报警】,产品换型Station[%1$d]-SN:JDP71ALWB55009902202009191826250数据存储异常！,Ture,0,Product Romete Exchange.vi:\
20/09/2020 23:29:53,【! 报警】,产品换型Station[%1$d]-SN:JDP71ALWB55009902202009191826250数据存储异常！,Ture,0,Product Romete Exchange.vi:\
20/09/2020 23:30:24,【! 报警】,产品换型Station[%1$d]-SN:JDP71ALWB55009902202009191826250数据存储异常！,Ture,0,Product Romete Exchange.vi:\
20/09/2020 23:30:55,【! 报警】,产品换型Station[%1$d]-SN:JDP71ALWB55009902202009191826250数据存储异常！,Ture,0,Product Romete Exchange.vi:\
20/09/2020 23:31:26,【! 报警】,产品换型Station[%1$d]-SN:JDP71ALWB55009902202009191826250数据存储异常！,Ture,0,Product Romete Exchange.vi:\
20/09/2020 23:31:56,【! 报警】,产品换型Station[%1$d]-SN:JDP71ALWB55009902202009191826250数据存储异常！,Ture,0,Product Romete Exchange.vi:\
20/09/2020 23:32:27,【! 报警】,产品换型Station[%1$d]-SN:JDP71ALWB55009902202009191826250数据存储异常！,Ture,0,Product Romete Exchange.vi:\
20/09/2020 23:32:58,【! 报警】,产品换型Station[%1$d]-SN:JDP71ALWB55009902202009191826250数据存储异常！,Ture,0,Product Romete Exchange.vi:\
20/09/2020 23:33:29,【! 报警】,产品换型Station[%1$d]-SN:JDP71ALWB55009902202009191826250数据存储异常！,Ture,0,Product Romete Exchange.vi:\
20/09/2020 23:34:00,【! 报警】,产品换型Station[%1$d]-SN:JDP71ALWB55009902202009191826250数据存储异常！,Ture,0,Product Romete Exchange.vi:\
20/09/2020 23:34:30,【! 报警】,产品换型Station[%1$d]-SN:JDP71ALWB55009902202009191826250数据存储异常！,Ture,0,Product Romete Exchange.vi:\
20/09/2020 23:35:01,【! 报警】,产品换型Station[%1$d]-SN:JDP71ALWB55009902202009191826250数据存储异常！,Ture,0,Product Romete Exchange.vi:\
20/09/2020 23:35:32,【! 报警】,产品换型Station[%1$d]-SN:JDP71ALWB55009902202009191826250数据存储异常！,Ture,0,Product Romete Exchange.vi:\
20/09/2020 23:36:03,【! 报警】,产品换型Station[%1$d]-SN:JDP71ALWB55009902202009191826250数据存储异常！,Ture,0,Product Romete Exchange.vi:\
20/09/2020 23:36:34,【! 报警】,产品换型Station[%1$d]-SN:JDP71ALWB55009902202009191826250数据存储异常！,Ture,0,Product Romete Exchange.vi:\
20/09/2020 23:37:05,【! 报警】,产品换型Station[%1$d]-SN:JDP71ALWB55009902202009191826250数据存储异常！,Ture,0,Product Romete Exchange.vi:\
20/09/2020 23:37:36,【! 报警】,产品换型Station[%1$d]-SN:JDP71ALWB55009902202009191826250数据存储异常！,Ture,0,Product Romete Exchange.vi:\
20/09/2020 23:38:07,【! 报警】,产品换型Station[%1$d]-SN:JDP71ALWB55009902202009191826250数据存储异常！,Ture,0,Product Romete Exchange.vi:\
20/09/2020 23:38:38,【! 报警】,产品换型Station[%1$d]-SN:JDP71ALWB55009902202009191826250数据存储异常！,Ture,0,Product Romete Exchange.vi:\
20/09/2020 23:39:09,【! 报警】,产品换型Station[%1$d]-SN:JDP71ALWB55009902202009191826250数据存储异常！,Ture,0,Product Romete Exchange.vi:\
20/09/2020 23:39:39,【! 报警】,产品换型Station[%1$d]-SN:JDP71ALWB55009902202009191826250数据存储异常！,Ture,0,Product Romete Exchange.vi:\
20/09/2020 23:40:11,【! 报警】,产品换型Station[%1$d]-SN:JDP71ALWB55009902202009191826250数据存储异常！,Ture,0,Product Romete Exchange.vi:\
20/09/2020 23:40:42,【! 报警】,产品换型Station[%1$d]-SN:JDP71ALWB55009902202009191826250数据存储异常！,Ture,0,Product Romete Exchange.vi:\
20/09/2020 23:41:13,【! 报警】,产品换型Station[%1$d]-SN:JDP71ALWB55009902202009191826250数据存储异常！,Ture,0,Product Romete Exchange.vi:\
20/09/2020 23:41:43,【! 报警】,产品换型Station[%1$d]-SN:JDP71ALWB55009902202009191826250数据存储异常！,Ture,0,Product Romete Exchange.vi:\
20/09/2020 23:42:15,【! 报警】,产品换型Station[%1$d]-SN:JDP71ALWB55009902202009191826250数据存储异常！,Ture,0,Product Romete Exchange.vi:\
20/09/2020 23:42:46,【! 报警】,产品换型Station[%1$d]-SN:JDP71ALWB55009902202009191826250数据存储异常！,Ture,0,Product Romete Exchange.vi:\
20/09/2020 23:43:16,【! 报警】,产品换型Station[%1$d]-SN:JDP71ALWB55009902202009191826250数据存储异常！,Ture,0,Product Romete Exchange.vi:\
20/09/2020 23:43:47,【! 报警】,产品换型Station[%1$d]-SN:JDP71ALWB55009902202009191826250数据存储异常！,Ture,0,Product Romete Exchange.vi:\
20/09/2020 23:44:18,【! 报警】,产品换型Station[%1$d]-SN:JDP71ALWB55009902202009191826250数据存储异常！,Ture,0,Product Romete Exchange.vi:\
20/09/2020 23:44:49,【! 报警】,产品换型Station[%1$d]-SN:JDP71ALWB55009902202009191826250数据存储异常！,Ture,0,Product Romete Exchange.vi:\
20/09/2020 23:45:20,【! 报警】,产品换型Station[%1$d]-SN:JDP71ALWB55009902202009191826250数据存储异常！,Ture,0,Product Romete Exchange.vi:\
20/09/2020 23:45:51,【! 报警】,产品换型Station[%1$d]-SN:JDP71ALWB55009902202009191826250数据存储异常！,Ture,0,Product Romete Exchange.vi:\
20/09/2020 23:46:22,【! 报警】,产品换型Station[%1$d]-SN:JDP71ALWB55009902202009191826250数据存储异常！,Ture,0,Product Romete Exchange.vi:\
20/09/2020 23:46:53,【! 报警】,产品换型Station[%1$d]-SN:JDP71ALWB55009902202009191826250数据存储异常！,Ture,0,Product Romete Exchange.vi:\
20/09/2020 23:47:24,【! 报警】,产品换型Station[%1$d]-SN:JDP71ALWB55009902202009191826250数据存储异常！,Ture,0,Product Romete Exchange.vi:\
20/09/2020 23:47:55,【! 报警】,产品换型Station[%1$d]-SN:JDP71ALWB55009902202009191826250数据存储异常！,Ture,0,Product Romete Exchange.vi:\
20/09/2020 23:48:26,【! 报警】,产品换型Station[%1$d]-SN:JDP71ALWB55009902202009191826250数据存储异常！,Ture,0,Product Romete Exchange.vi:\
20/09/2020 23:48:57,【! 报警】,产品换型Station[%1$d]-SN:JDP71ALWB55009902202009191826250数据存储异常！,Ture,0,Product Romete Exchange.vi:\
20/09/2020 23:49:28,【! 报警】,产品换型Station[%1$d]-SN:JDP71ALWB55009902202009191826250数据存储异常！,Ture,0,Product Romete Exchange.vi:\
20/09/2020 23:49:58,【! 报警】,产品换型Station[%1$d]-SN:JDP71ALWB55009902202009191826250数据存储异常！,Ture,0,Product Romete Exchange.vi:\
20/09/2020 23:50:29,【! 报警】,产品换型Station[%1$d]-SN:JDP71ALWB55009902202009191826250数据存储异常！,Ture,0,Product Romete Exchange.vi:\
20/09/2020 23:51:00,【! 报警】,产品换型Station[%1$d]-SN:JDP71ALWB55009902202009191826250数据存储异常！,Ture,0,Product Romete Exchange.vi:\
20/09/2020 23:51:30,【! 报警】,产品换型Station[%1$d]-SN:JDP71ALWB55009902202009191826250数据存储异常！,Ture,0,Product Romete Exchange.vi:\
20/09/2020 23:52:01,【! 报警】,产品换型Station[%1$d]-SN:JDP71ALWB55009902202009191826250数据存储异常！,Ture,0,Product Romete Exchange.vi:\
20/09/2020 23:52:32,【! 报警】,产品换型Station[%1$d]-SN:JDP71ALWB55009902202009191826250数据存储异常！,Ture,0,Product Romete Exchange.vi:\
20/09/2020 23:53:03,【! 报警】,产品换型Station[%1$d]-SN:JDP71ALWB55009902202009191826250数据存储异常！,Ture,0,Product Romete Exchange.vi:\
20/09/2020 23:53:33,【! 报警】,产品换型Station[%1$d]-SN:JDP71ALWB55009902202009191826250数据存储异常！,Ture,0,Product Romete Exchange.vi:\
20/09/2020 23:54:04,【! 报警】,产品换型Station[%1$d]-SN:JDP71ALWB55009902202009191826250数据存储异常！,Ture,0,Product Romete Exchange.vi:\
20/09/2020 23:54:35,【! 报警】,产品换型Station[%1$d]-SN:JDP71ALWB55009902202009191826250数据存储异常！,Ture,0,Product Romete Exchange.vi:\
20/09/2020 23:55:06,【! 报警】,产品换型Station[%1$d]-SN:JDP71ALWB55009902202009191826250数据存储异常！,Ture,0,Product Romete Exchange.vi:\
20/09/2020 23:55:37,【! 报警】,产品换型Station[%1$d]-SN:JDP71ALWB55009902202009191826250数据存储异常！,Ture,0,Product Romete Exchange.vi:\
20/09/2020 23:56:07,【! 报警】,产品换型Station[%1$d]-SN:JDP71ALWB55009902202009191826250数据存储异常！,Ture,0,Product Romete Exchange.vi:\
20/09/2020 23:56:38,【! 报警】,产品换型Station[%1$d]-SN:JDP71ALWB55009902202009191826250数据存储异常！,Ture,0,Product Romete Exchange.vi:\
20/09/2020 23:57:09,【! 报警】,产品换型Station[%1$d]-SN:JDP71ALWB55009902202009191826250数据存储异常！,Ture,0,Product Romete Exchange.vi:\
20/09/2020 23:57:40,【! 报警】,产品换型Station[%1$d]-SN:JDP71ALWB55009902202009191826250数据存储异常！,Ture,0,Product Romete Exchange.vi:\
20/09/2020 23:58:11,【! 报警】,产品换型Station[%1$d]-SN:JDP71ALWB55009902202009191826250数据存储异常！,Ture,0,Product Romete Exchange.vi:\
20/09/2020 23:58:41,【! 报警】,产品换型Station[%1$d]-SN:JDP71ALWB55009902202009191826250数据存储异常！,Ture,0,Product Romete Exchange.vi:\
20/09/2020 23:59:12,【! 报警】,产品换型Station[%1$d]-SN:JDP71ALWB55009902202009191826250数据存储异常！,Ture,0,Product Romete Exchange.vi:\
20/09/2020 23:59:43,【! 报警】,产品换型Station[%1$d]-SN:JDP71ALWB55009902202009191826250数据存储异常！,Ture,0,Product Romete Exchange.vi:\
